{
	"info": {
		"_postman_id": "aa0972fe-34c4-4136-9639-6a423c2dcb64",
		"name": "The Cat API Collection",
		"schema": "https://schema.getpostman.com/json/collection/v2.0.0/collection.json",
		"_exporter_id": "34029158"
	},
	"item": [
		{
			"name": "Daftar gambar kucing",
			"request": {
				"auth": {
					"type": "apikey",
					"apikey": {
						"value": "live_b3Non8AkNDQvlKmv1qCEHs07zP5vR6xXfNorygSv8Zdlf1DfCJBWSgx0UhVEkB0Q",
						"key": "x-api-key"
					}
				},
				"method": "GET",
				"header": [],
				"url": {
					"raw": "https://api.thecatapi.com/v1/images/search?limit=10",
					"protocol": "https",
					"host": [
						"api",
						"thecatapi",
						"com"
					],
					"path": [
						"v1",
						"images",
						"search"
					],
					"query": [
						{
							"key": "limit",
							"value": "10"
						}
					]
				}
			},
			"response": []
		},
		{
			"name": "Detail Ras Kucing",
			"request": {
				"auth": {
					"type": "apikey",
					"apikey": {
						"value": "live_b3Non8AkNDQvlKmv1qCEHs07zP5vR6xXfNorygSv8Zdlf1DfCJBWSgx0UhVEkB0Q",
						"key": "x-api-key"
					}
				},
				"method": "GET",
				"header": [],
				"url": "https://api.thecatapi.com/v1/breeds"
			},
			"response": []
		},
		{
			"name": "upload gambar kucing",
			"request": {
				"auth": {
					"type": "apikey",
					"apikey": {
						"value": "live_b3Non8AkNDQvlKmv1qCEHs07zP5vR6xXfNorygSv8Zdlf1DfCJBWSgx0UhVEkB0Q",
						"key": "x-api-key"
					}
				},
				"method": "POST",
				"header": [],
				"url": "https://api.thecatapi.com/v1/images/upload"
			},
			"response": []
		},
		{
			"name": "ubah informasi ras kucing",
			"request": {
				"auth": {
					"type": "apikey",
					"apikey": {
						"value": "live_b3Non8AkNDQvlKmv1qCEHs07zP5vR6xXfNorygSv8Zdlf1DfCJBWSgx0UhVEkB0Q",
						"key": "x-api-key"
					}
				},
				"method": "PUT",
				"header": [],
				"url": "https://api.thecatapi.com/v1/breeds/{breed_id}"
			},
			"response": []
		},
		{
			"name": "Hapus gambar",
			"request": {
				"auth": {
					"type": "apikey",
					"apikey": {
						"value": "live_b3Non8AkNDQvlKmv1qCEHs07zP5vR6xXfNorygSv8Zdlf1DfCJBWSgx0UhVEkB0Q",
						"key": "x-api-key"
					}
				},
				"method": "DELETE",
				"header": [],
				"url": "https://api.thecatapi.com/v1/images/{image_id}"
			},
			"response": [
				{
					"name": "New Request",
					"originalRequest": {
						"method": "DELETE",
						"header": [],
						"url": "https://api.thecatapi.com/v1/images/{image_id}"
					},
					"status": "Bad Request",
					"code": 400,
					"_postman_previewlanguage": "plain",
					"header": [
						{
							"key": "content-type",
							"value": "text/plain; charset=utf-8"
						},
						{
							"key": "X-Cloud-Trace-Context",
							"value": "bf05ae8326c978f9a88d0dec2e0204e6"
						},
						{
							"key": "Date",
							"value": "Wed, 03 Apr 2024 23:33:25 GMT"
						},
						{
							"key": "Server",
							"value": "Google Frontend"
						},
						{
							"key": "Content-Length",
							"value": "12"
						}
					],
					"cookie": [],
					"body": "INVALID_DATA"
				}
			]
		}
	]
}